{
    "dbr": {
        "NodeHandle": 0,
        "NodeTypeHY": 0,
        "NodeTypeMT": 0,
        "NodeStatusFMT": -1,
        "NodeStatusCH": 1,
        "IterDone": 133,
        "TK": 293.15,
        "P": 100000,
        "Vs": 0.000065132347353152,
        "Vi": 0,
        "Ms": 0.140000101,
        "Mi": 0,
        "Hs": 0,
        "Hi": 0,
        "Gs": -734.102089773974,
        "IS": 0.0550427527846453,
        "pH": 12.6615181406748,
        "pe": 8.37898648176351,
        "Eh": 0.486402198357873,
        "Tm": 0,
        "dt": 0,
        "bIC": [
            0.0673591384630094,
            2.27223148011489e-8,
            1.27801539616737,
            4.44066986630585,
            4.42817116650645,
            0.414387916906341,
            0
        ],
        "rMB": [
            -2.37002975338346e-17,
            0,
            -2.26562310396716e-16,
            4.22916312740536e-15,
            1.49531124861832e-14,
            -7.58747737422335e-16,
            3.83296374725372e-20
        ],
        "uIC": [
            -328.989766560048,
            -200.977624787916,
            -270.41006584067,
            -48.4475523914579,
            -0.27294857162533,
            -361.992071676279,
            19.2933294074338
        ],
        "bSP": [
            0.0673584744660977,
            2.27182849260387e-8,
            1.27789307071987,
            3.79525174036304,
            4.10533214504207,
            0.414387723502481,
            0
        ],
        "xDC": [
            2.12230140332387e-33,
            1.01235690873643e-19,
            6.63995347225146e-7,
            3.78189402448786e-13,
            2.63429385718427e-26,
            8.22713761736196e-33,
            1.18631047135411e-12,
            3.32049601930275e-12,
            1.80009267956957e-16,
            0.00009887101311822,
            0.0000232665113602217,
            4.896234569726e-10,
            1.8743007569631e-7,
            4.2201853195603e-9,
            1.03909267969425e-23,
            5.88251850642118e-12,
            1.25690792298654e-9,
            8.20458642679431e-22,
            7.07273979282118e-13,
            1.92510153841838e-15,
            0,
            0,
            0.00000312511715637643,
            0.000220338292898048,
            1.54463429734951e-15,
            0.322587258214179,
            0,
            0,
            0,
            0,
            0,
            0.223941594301915,
            0.147443621874513,
            0.16612895009923,
            0.00688406967572398,
            0,
            0,
            0,
            0,
            0,
            0,
            0,
            0,
            0,
            0,
            0,
            0,
            0.033679191796479,
            0,
            0,
            0,
            0,
            0,
            0,
            0,
            0,
            0,
            4.54365698520773e-8,
            0,
            0,
            0,
            0,
            0,
            0.501319018044243,
            0,
            0
        ],
        "gam": [
            0.148419766881658,
            0.820246870346764,
            0.820246870346764,
            1.01566663654037,
            0.43204080656298,
            0.43204080656298,
            0.148419766881658,
            1.01566663654037,
            0.820246870346764,
            0.43204080656298,
            0.820246870346764,
            0.820246870346764,
            1.01566663654037,
            0.820246870346764,
            0.033254124073973,
            1.01566663654037,
            0.43204080656298,
            1.01566663654037,
            0.43204080656298,
            0.820246870346764,
            1.01566663654037,
            1.01566663654037,
            1.01566663654037,
            0.820246870346764,
            0.820246870346764,
            1.00011467573025,
            1,
            1,
            1,
            1,
            1,
            1,
            1,
            1,
            1,
            1,
            1,
            1,
            1,
            1,
            1,
            1,
            1,
            1,
            1,
            1,
            1,
            1,
            1,
            1,
            1,
            1,
            1,
            1,
            1,
            1,
            1,
            1,
            1,
            1,
            1,
            1,
            1,
            1,
            1,
            1
        ],
        "dll": [
            0,
            0,
            0,
            0,
            0,
            0,
            0,
            0,
            0,
            0,
            0,
            0,
            0,
            0,
            0,
            0,
            0,
            0,
            0,
            0,
            0,
            0,
            0,
            0,
            0,
            0,
            0,
            0,
            0,
            0,
            0,
            0,
            0,
            0,
            0,
            0,
            0,
            0,
            0,
            0,
            0,
            0,
            0,
            0,
            0,
            0,
            0,
            0,
            0,
            0,
            0,
            0,
            0,
            0,
            0,
            0,
            0,
            0,
            0,
            0,
            0,
            0,
            0,
            0,
            0,
            0
        ],
        "dul": [
            1000000,
            1000000,
            1000000,
            1000000,
            1000000,
            1000000,
            1000000,
            1000000,
            1000000,
            1000000,
            1000000,
            1000000,
            1000000,
            1000000,
            1000000,
            1000000,
            1000000,
            1000000,
            1000000,
            1000000,
            1000000,
            1000000,
            1000000,
            1000000,
            1000000,
            1000000,
            1000000,
            1000000,
            1000000,
            1000000,
            1000000,
            1000000,
            1000000,
            1000000,
            1000000,
            1000000,
            1000000,
            1000000,
            1000000,
            1000000,
            1000000,
            0,
            1000000,
            1000000,
            1000000,
            1000000,
            1000000,
            1000000,
            1000000,
            1000000,
            1000000,
            1000000,
            1000000,
            1000000,
            1000000,
            1000000,
            1000000,
            1000000,
            1000000,
            1000000,
            1000000,
            1000000,
            1000000,
            1000000,
            0,
            1000000
        ],
        "aPH": [
            0,
            0,
            0,
            0,
            0,
            0,
            0,
            0,
            0,
            0,
            0,
            0,
            0,
            0,
            0,
            0,
            0,
            0,
            0,
            0,
            0,
            0,
            0,
            0,
            0,
            0,
            0,
            0,
            0,
            0,
            0,
            0,
            0
        ],